starttime,EndTime,microservice,maxPOD,maxX,status
2022-11-02T00:00:00+0530,2022-11-02T00:05:00+0530,AB,10,15,pending
2022-11-02T05:00:00+0530,2022-11-02T00:30:00+0530,HI,900,800,pending
2022-11-02T00:30:00+0530,2022-11-02T00:35:00+0530,EF,55,12,pending
2022-11-02T00:35:00+0530,2022-11-02T00:40:00+0530,KL,639,800,pending
2022-11-02T00:40:00+0530,2022-11-02T00:45:00+0530,FG,100,200,pending
2022-11-02T00:45:00+0530,2022-11-02T00:50:00+0530,LM,750,850,pending
2022-11-02T00:50:00+0530,2022-11-02T00:55:00+0530,GH,300,400,pending
2022-11-02T00:55:00+0530,2022-11-02T01:00:00+0530,JK,700,900,pending
2022-11-02T01:00:00+0530,2022-11-02T01:05:00+0530,HI,900,800,pending
2022-11-02T01:05:00+0530,2022-11-02T01:10:00+0530,EF,55,12,pending
2022-11-02T01:10:00+0530,2022-11-02T01:15:00+0530,IJ,500,800,pending
2022-11-02T01:15:00+0530,2022-11-02T01:20:00+0530,AB,10,15,pending
2022-11-02T01:20:00+0530,2022-11-02T01:25:00+0530,JK,700,900,pending
